{"count":1,"gauges":{},"self":44.686953599999995,"total":45.0354542,"children":{"AgentSendState":{"count":2217,"self":0.10450899999999999,"total":0.2574932,"children":{"CollectObservations":{"count":4436,"self":0.1529842,"total":0.1529842,"children":null}}},"DecideAction":{"count":2217,"self":0.0160002,"total":0.0160002,"children":null},"AgentAct":{"count":2217,"self":0.0740084,"total":0.0740084,"children":null}}}