{"count":1,"gauges":{"MazeAgent.CumulativeReward":{"count":59,"max":26.7518787,"min":4.036299,"value":26.48675,"weightedAverage":25.9995174}},"self":227.15724799999998,"total":417.8155999,"children":{"AgentSendState":{"count":16545,"self":3.1813808,"total":10.369866799999999,"children":{"CollectObservations":{"count":99270,"self":7.1884863999999995,"total":7.1884860999999995,"children":null}}},"DecideAction":{"count":16545,"self":124.933504,"total":135.762162,"children":{"RayPerceptionSensor.Perceive":{"count":99270,"self":10.8286568,"total":10.828656599999999,"children":null}}},"AgentAct":{"count":16545,"self":44.524319999999996,"total":44.524318699999995,"children":null}}}