{"count":1,"gauges":{"MazeAgent.CumulativeReward":{"count":4194,"max":17.95133,"min":-0.799804866,"value":13.7991476,"weightedAverage":13.7045355}},"self":6097.747968,"total":26387.801161,"children":{"AgentSendState":{"count":8398968,"self":358.18944,"total":1441.2747021999999,"children":{"CollectObservations":{"count":10078764,"self":166.57247999999998,"total":166.5724837,"children":null},"AgentInfo.ToProto":{"count":10078764,"self":164.9868928,"total":916.51279,"children":{"GenerateSensorData":{"count":10078764,"self":264.4155392,"total":751.5258954,"children":{"RayPerceptionSensor.Perceive":{"count":10078764,"self":487.1103488,"total":487.1103664,"children":null}}}}}}},"DecideAction":{"count":8398968,"self":18688.494796799998,"total":18688.4940896,"children":null},"AgentAct":{"count":8398968,"self":159.488512,"total":160.2834201,"children":{"AgentInfo.ToProto":{"count":4194,"self":0.0935921,"total":0.7949022,"children":{"GenerateSensorData":{"count":4194,"self":0.1112441,"total":0.70131009999999994,"children":{"RayPerceptionSensor.Perceive":{"count":4194,"self":0.590066,"total":0.590066,"children":null}}}}}}}}}