{"count":1,"gauges":{},"self":6.4570928,"total":8.3107232,"children":{"AgentSendState":{"count":380,"self":0.0700486,"total":0.2233749,"children":{"CollectObservations":{"count":3040,"self":0.1533263,"total":0.1533263,"children":null}}},"DecideAction":{"count":380,"self":0.9040227,"total":1.0781063,"children":{"RayPerceptionSensor.Perceive":{"count":3040,"self":0.1740836,"total":0.1740836,"children":null}}},"AgentAct":{"count":380,"self":0.55114849999999993,"total":0.55114849999999993,"children":null}}}