{"count":1,"gauges":{},"self":147.9255552,"total":162.1802933,"children":{"AgentSendState":{"count":8079,"self":0.7474115,"total":3.4090512,"children":{"CollectObservations":{"count":48480,"self":2.6616396,"total":2.6616397,"children":null}}},"DecideAction":{"count":8079,"self":0.097042599999999993,"total":0.097042599999999993,"children":null},"AgentAct":{"count":8079,"self":10.7476528,"total":10.7476532,"children":null}}}