{"count":1,"gauges":{},"self":34.001235199999996,"total":36.055205099999995,"children":{"AgentSendState":{"count":1779,"self":0.0550364,"total":0.0850533,"children":{"CollectObservations":{"count":1068,"self":0.0300169,"total":0.0300169,"children":null}}},"DecideAction":{"count":1779,"self":1.5833926,"total":1.6474180999999999,"children":{"RayPerceptionSensor.Perceive":{"count":1068,"self":0.0640255,"total":0.0640255,"children":null}}},"AgentAct":{"count":1779,"self":0.3204979,"total":0.3204979,"children":null}}}