{"count":1,"gauges":{"SphereAgent.CumulativeReward":{"count":190,"max":-1.78890765,"min":-29.9961433,"value":-7.25210857,"weightedAverage":-13.819562}},"self":365.8184448,"total":1531.6902145,"children":{"AgentSendState":{"count":213817,"self":42.707119999999996,"total":244.52410189999998,"children":{"CollectObservations":{"count":1282914,"self":12.4897616,"total":12.4897615,"children":null},"AgentInfo.ToProto":{"count":1282914,"self":26.7073376,"total":189.3272197,"children":{"GenerateSensorData":{"count":1282914,"self":42.154716799999996,"total":162.6198828,"children":{"RayPerceptionSensor.Perceive":{"count":1282914,"self":120.4651648,"total":120.4651655,"children":null}}}}}}},"DecideAction":{"count":213817,"self":904.24115199999994,"total":904.2411192,"children":null},"AgentAct":{"count":213817,"self":17.076883199999997,"total":17.1056675,"children":{"AgentInfo.ToProto":{"count":190,"self":0.0049911,"total":0.028784499999999998,"children":{"GenerateSensorData":{"count":190,"self":0.0069993,"total":0.0237934,"children":{"RayPerceptionSensor.Perceive":{"count":190,"self":0.0167941,"total":0.0167941,"children":null}}}}}}}}}