{"count":1,"gauges":{"SphereAgent.CumulativeReward":{"count":197,"max":5.009824,"min":-27.9805431,"value":-17.07033,"weightedAverage":-14.5026941}},"self":356.04052479999996,"total":743.5660316,"children":{"AgentSendState":{"count":417017,"self":21.516431999999998,"total":53.330247899999996,"children":{"CollectObservations":{"count":500424,"self":7.8440639999999995,"total":7.8440635999999992,"children":null},"AgentInfo.ToProto":{"count":500424,"self":10.7255576,"total":23.9697529,"children":{"GenerateSensorData":{"count":500424,"self":13.2441952,"total":13.2441956,"children":null}}}}},"DecideAction":{"count":417017,"self":321.5053056,"total":321.505294,"children":null},"AgentAct":{"count":417017,"self":12.6819504,"total":12.68896,"children":{"AgentInfo.ToProto":{"count":197,"self":0.0020005,"total":0.0070098,"children":{"GenerateSensorData":{"count":197,"self":0.0050092999999999995,"total":0.0050092999999999995,"children":null}}}}}}}