{"count":1,"gauges":{},"self":16.7299872,"total":26.549884,"children":{"AgentSendState":{"count":1226,"self":0.4995808,"total":2.5677738999999997,"children":{"CollectObservations":{"count":36900,"self":2.0681932,"total":2.0681931,"children":null}}},"DecideAction":{"count":1226,"self":0.0279739,"total":0.0279739,"children":null},"AgentAct":{"count":1226,"self":7.2231584,"total":7.2231581,"children":null}}}