{"count":1,"gauges":{"MazeAgent.CumulativeReward":{"count":3,"max":5.82749939,"min":3.62751412,"value":5.82749939,"weightedAverage":4.205636}},"self":24.2102832,"total":24.543454699999998,"children":{"AgentSendState":{"count":225,"self":0.0060011,"total":0.0090051,"children":{"CollectObservations":{"count":135,"self":0.0030039999999999997,"total":0.0030039999999999997,"children":null}}},"DecideAction":{"count":225,"self":0.2591311,"total":0.27313719999999997,"children":{"RayPerceptionSensor.Perceive":{"count":135,"self":0.014006099999999999,"total":0.014006099999999999,"children":null}}},"AgentAct":{"count":225,"self":0.05003,"total":0.05003,"children":null}}}