{"count":1,"gauges":{},"self":15.91504,"total":16.0144646,"children":{"AgentSendState":{"count":760,"self":0.021919599999999997,"total":0.036865499999999995,"children":{"CollectObservations":{"count":1064,"self":0.0149459,"total":0.0149459,"children":null}}},"DecideAction":{"count":760,"self":0.0138129,"total":0.0138129,"children":null},"AgentAct":{"count":760,"self":0.0476047,"total":0.0476047,"children":null}}}