{"count":1,"gauges":{},"self":1.7123328,"total":7.5858308,"children":{"AgentSendState":{"count":159,"self":0.0110009,"total":0.0160032,"children":{"CollectObservations":{"count":159,"self":0.0050022999999999995,"total":0.0050022999999999995,"children":null}}},"DecideAction":{"count":159,"self":5.8559944,"total":5.8559944999999995,"children":null}}}